Compound,CID,Source,Interacting_Residues,Interaction_Types
Eudesmol,21718037,Ajwain,"LeuA:144, PheA:163, TyrA:184","van der Waals, Alkyl, Pi-Alkyl"
Aromadendrene,11095734,Ajwain,"TyrA:184, LeuA:144, AlaA:143","van der Waals, Alkyl, Pi-sigma"
Apigenin -7-O-glucoside,5280704,Ajwain,"HisA:122, AspA:124, TrpA:93, ZnA:301","van der Waals, Conventional H-bond, Metal acceptor, Pi-Alkyl"
Elemene,12309449,Ajwain,"LeuA:144, PheA:163, TyrA:184","van der Waals, Alkyl, Pi alkyl, Pi-sigma"
Kaempferol-3-O-glucuronide,74315888,Ajwain,"GlyA:21, AsnA:220, LysA:211","van der Waals, Conventional H-bond, Carbon H-bond, Pi-cation"
Luteolin,5280445,Ajwain,"LysA:211, HisA:250, HisA:189, ZnA:302","van der Waals, Conventional H-bond, Carbon H-bond, Pi-cation, Pi-Pi-stacked"
Abietadiene,443470,Ajwain,"ProA:171, LysA:181, TrpA:168","van der Waals, Alkyl, Pi-Alkyl, Pi-sigma"
Quercetin-3-O-glucuronide,5274585,Ajwain,"HisA:250, ZnA:302, AspA:124","van der Waals, Pi -Anion, Pi -Cation, Pi -Pi stacked"
Rimuene,12314971,Ajwain,"TrpA:93, PheA:70, HisA:122","van der Waals, Pi-Alkyl, Pi-sigma"
Rosmarinic acid,5281792,Ajwain,"AsnA:220, AspA:124, ZnA:301","van der Waals, Metal acceptor, Conventional H-bond"
Thujanol,10550,Ajwain,"LysA:242, PheA:240, AlaA:243","van der Waals, Alkyl, Pi-Alkyl"
Sandaracopimaradiene,443469,Ajwain,"PheA:177, ValA:169, ProA:171, TrpA:168, LysA:181, AlaA:174","van der Waals, Alkyl, Pi-Alkyl, Pi-sigma"
beta-amyrin,73145,Karpooravalli,"HisA:122, HisA:250","van der Waals, Pi-Alkyl, Pi-sigma"
Iso Aromadendrene epoxide,534398,Karpooravalli,ZnA:301,"van der Waals, Metal acceptor"
Aromadendrene,11095734,Karpooravalli,"HisA:122, ValA:73, TrpA:93","van der Waals, Alkyl, Pi-alkyl"
Dibenzamide,136413,Karpooravalli,"PheA:177, GlyA:178, AlaA:174","van der Waals, Carbon H-bond, Conventional H-bond"
Ledene,10910653,Karpooravalli,"HisA:250, MetA:67, ValA:73, TrpA:93","van der Waals, Alkyl, Pi-alkyl, Pi-sigma"
Palustric acid,443613,Karpooravalli,"ThrA:162, PheA:163, AsnA:142","van der Waals, Conventional H-bond"
5,15-Rosadiene,6432170,Karpooravalli,"HisA:250, TrpA:93","van der Waals, Pi-Alkyl, Pi-sigma"
Abietic acid,10569,Karpooravalli,"LeuA:144, TyrA:184","van der Waals, Alkyl, Pi-Alkyl, Pi-sigma"
Alpha-Copaene,70678558,Karpooravalli,"AlaA:143, LeuA:144, TyrA:184","van der Waals, Alkyl, Pi-Alkyl, Pi-sigma"
Delta-Gurjunene,163184238,Karpooravalli,"ValA:73, TrpA:93, HisA:250","van der Waals, Alkyl, Pi-alkyl, Pi-sigma"
Beta-Cedrene,11106485,Karpooravalli,"TrpA:93, HisA:250, HisA:122","van der Waals, Pi-Alkyl, Pi-sigma"
Thiorphan,3132,Reference (literature),"AlaA:165, AlaA:164, TyrA:167, AsnA:166","van der Waals, Carbon H-bond, Conventional H-bond"
D-Captopril,447055,Reference (literature),"ThrA:201, GlyA:200, LysA:242, AlaA:243","van der Waals, Alkyl, Conventional H-bond, Carbon H-bond"
L-Captopril,44093,Reference (literature),"GlyA:200, ThrA:201, LysA:242","van der Waals, Alkyl, Conventional H-bond"
